{"train_loss": [0.8014131246053654, 0.7417402969754261, 0.7549781757852305, 0.7468434567036836, 0.7463318351818168, 0.7430387875308161, 0.7141086821970732, 0.7328118674133135, 0.6999378434989764, 0.6970898109933604, 0.702278979446577, 0.7072717241618944, 0.6731542409762092, 0.6769286933152572, 0.6794116582559503, 0.7052880585193634, 0.6968193543993908, 0.6689908180547797, 0.7320279193961102, 0.6915744934393012, 0.6843528737192569, 0.6763120024100594, 0.6776762387026911, 0.687893369405166, 0.6731792880141216, 0.682125475095666, 0.6813700782216113, 0.6846836354421533, 0.6845581699972567, 0.6831114465775697, 0.6632712312366651, 0.6866368775782378, 0.6729577805684961, 0.6614038482956265, 0.6682072854560355, 0.68310691792032, 0.6752414345741272, 0.669018958962482, 0.6735240718592768, 0.6688758228136146, 0.6664435474768929, 0.6665507345095925, 0.6639320534208547, 0.6706112384796142, 0.667237263140471, 0.670817452409993, 0.6645310225694075, 0.6607848623524541, 0.6663667603679325, 0.664858088804328, 0.6700433824373329, 0.6597686093786489, 0.6676288285981054, 0.6549138970997023, 0.6590070325395335, 0.6635563897049945, 0.6579001092392466, 0.6585732371910759, 0.6515131442443184, 0.6486118358114491, 0.6410406760547472, 0.6264257542465044, 0.6428982768369758, 0.6208604994027511, 0.6398358319116675, 0.6442429068295852, 0.6197248176388118, 0.6327525861885237, 0.6391273304172184, 0.6346883908562039, 0.6172557812670003, 0.6329176975333173, 0.632934860561205, 0.6435328589833301, 0.6198998256869938, 0.6194564376188361, 0.6060775295547817, 0.6272649342599123, 0.6250615127708601, 0.6162636177695315, 0.5977763378101847, 0.5897140054599098, 0.5932902224685834, 0.6233924671359684, 0.6148872748665187, 0.6097018222446027, 0.6548485062692476, 0.6054354754479035, 0.6195290674333988, 0.5846317216106083, 0.606553938207419, 0.6055913178817086, 0.6403763359007628, 0.5848736174728559, 0.6300665442062461, 0.6026557901631231, 0.6072494410950204, 0.6177893485711968, 0.5726160496473313, 0.6017654919106027], "test_loss": [0.8104489687187918, 0.9503184978304238, 5.228652500743229, 0.8046544779991281, 0.7262257029270304, 0.6930001891892532, 0.6631711032883875, 0.6868684733736103, 0.7097176498380201, 1.417552684293257, 0.7561510266928837, 0.6874020716239666, 1.0342229248891617, 0.6547825778352803, 0.6972476100099498, 0.6696468434970955, 0.6324986584227661, 0.8757004393585796, 0.7081428283247454, 0.6949011159354243, 0.6510313636270063, 0.6253912600463835, 0.6416024000480257, 0.6784233584486205, 0.6750624025690144, 0.7642963623692249, 0.822326206313125, 0.6294893678920023, 1.2481027918642964, 0.7395971237585462, 0.8977421723177721, 0.7033159059697184, 0.8149452393810297, 0.6865515827104963, 0.78162913737369, 0.7633782566368483, 0.6671938034224099, 0.7484364083823587, 0.7408378203800912, 0.6530731284412844, 0.685171939432621, 0.8115315237142756, 0.8173319558243685, 0.646523956594796, 0.7264822776718386, 0.6755400725865158, 0.6594817544622668, 0.6972525202637089, 0.6673517418575698, 0.6744439722648983, 0.6791734348597198, 0.6945498639814042, 0.6637048804490217, 0.6487279377620796, 0.6255509231624932, 0.6667698791314816, 0.6270352971964869, 0.749124583499185, 0.5910931078010592, 0.6084210692808546, 0.6008659118208391, 0.6325396761812013, 0.9464853837572295, 0.6659367084503174, 0.6289679551946705, 0.6228624309959083, 0.6921296037476639, 1.2533794811059689, 0.6011699707857494, 0.7588684116971904, 0.6709747221963159, 0.7419475995261093, 0.6940869236814564, 0.6585494377489748, 0.7124903906008293, 0.9270581089217087, 0.9764116781538931, 1.0633258043692029, 0.7066105162275249, 0.8931048368585521, 0.6954661494699018, 0.8178620174013335, 0.8783444685154947, 0.83939169963886, 0.797511903890248, 0.6748205829283287, 0.8689930952828506, 0.9516868724905211, 1.8370310145205464, 0.7761708235946195, 0.8193263483458552, 0.8458783236043207, 0.8757227982940345, 0.7661724486227693, 0.7556177408530794, 0.7037034497178835, 1.2192585714932145, 0.8145521894611162, 1.0744207429474797, 0.8584381650234091], "test_acc": [0.603448275862069, 0.3620689655172414, 0.39655172413793105, 0.4827586206896552, 0.603448275862069, 0.5172413793103449, 0.603448275862069, 0.603448275862069, 0.603448275862069, 0.603448275862069, 0.6379310344827587, 0.5689655172413793, 0.603448275862069, 0.5172413793103449, 0.5517241379310345, 0.6724137931034483, 0.6551724137931034, 0.6896551724137931, 0.603448275862069, 0.603448275862069, 0.6896551724137931, 0.603448275862069, 0.5862068965517241, 0.5862068965517241, 0.5172413793103449, 0.6206896551724138, 0.603448275862069, 0.603448275862069, 0.603448275862069, 0.603448275862069, 0.603448275862069, 0.603448275862069, 0.603448275862069, 0.603448275862069, 0.603448275862069, 0.603448275862069, 0.603448275862069, 0.603448275862069, 0.603448275862069, 0.603448275862069, 0.603448275862069, 0.603448275862069, 0.6724137931034483, 0.5689655172413793, 0.6551724137931034, 0.603448275862069, 0.6379310344827587, 0.603448275862069, 0.6551724137931034, 0.603448275862069, 0.7241379310344828, 0.7068965517241379, 0.6379310344827587, 0.6724137931034483, 0.6896551724137931, 0.6724137931034483, 0.7068965517241379, 0.5517241379310345, 0.6896551724137931, 0.6896551724137931, 0.6896551724137931, 0.6551724137931034, 0.5344827586206896, 0.6724137931034483, 0.6551724137931034, 0.6551724137931034, 0.5517241379310345, 0.5344827586206896, 0.6551724137931034, 0.5, 0.6206896551724138, 0.5689655172413793, 0.5862068965517241, 0.6206896551724138, 0.603448275862069, 0.5172413793103449, 0.4827586206896552, 0.46551724137931033, 0.6379310344827587, 0.5, 0.603448275862069, 0.4827586206896552, 0.4827586206896552, 0.5, 0.5344827586206896, 0.6551724137931034, 0.5, 0.4827586206896552, 0.5, 0.5, 0.4827586206896552, 0.5172413793103449, 0.5, 0.5344827586206896, 0.5689655172413793, 0.603448275862069, 0.5172413793103449, 0.5517241379310345, 0.5, 0.5], "test_auc": [0.5875776397515529, 0.28074534161490683, 0.4624223602484472, 0.5167701863354037, 0.4571428571428572, 0.5105590062111801, 0.6571428571428573, 0.5577639751552795, 0.6273291925465838, 0.6049689440993788, 0.6509316770186335, 0.5701863354037267, 0.7139751552795031, 0.6322981366459628, 0.5950310559006211, 0.6906832298136646, 0.6645962732919255, 0.7531055900621118, 0.4322981366459627, 0.6012422360248446, 0.6683229813664597, 0.6596273291925465, 0.675776397515528, 0.6161490683229813, 0.5329192546583851, 0.653416149068323, 0.7304347826086957, 0.684472049689441, 0.6711180124223602, 0.6583850931677019, 0.687888198757764, 0.6906832298136646, 0.6906832298136645, 0.7105590062111802, 0.7105590062111802, 0.7291925465838509, 0.7291925465838509, 0.7428571428571429, 0.7167701863354037, 0.7366459627329193, 0.7490683229813664, 0.7263975155279503, 0.675776397515528, 0.6422360248447205, 0.6906832298136646, 0.6956521739130435, 0.6819875776397516, 0.6894409937888198, 0.7391304347826086, 0.648447204968944, 0.7428571428571429, 0.7540372670807454, 0.6819875776397515, 0.7378881987577639, 0.7416149068322981, 0.768944099378882, 0.698136645962733, 0.5453416149068323, 0.7428571428571429, 0.7316770186335404, 0.7291925465838509, 0.7006211180124223, 0.5093167701863355, 0.653416149068323, 0.6832298136645962, 0.698136645962733, 0.6372670807453416, 0.49813664596273294, 0.746583850931677, 0.5664596273291925, 0.639751552795031, 0.6062111801242236, 0.6236024844720498, 0.6661490683229814, 0.5888198757763976, 0.48571428571428577, 0.49440993788819876, 0.46459627329192543, 0.6732919254658385, 0.4981366459627329, 0.631055900621118, 0.5515527950310559, 0.5242236024844721, 0.5093167701863355, 0.5875776397515529, 0.6683229813664596, 0.5055900621118012, 0.5130434782608695, 0.45093167701863357, 0.5950310559006211, 0.5614906832298137, 0.5192546583850932, 0.5590062111801242, 0.5565217391304348, 0.6285714285714286, 0.648447204968944, 0.4633540372670808, 0.6236024844720496, 0.48571428571428577, 0.5515527950310559]}